2340589	0
2810476	1
2194225	2
2617042	3
2528680	4
2612902	5
2743535	6
2535438	7
2730880	8
2447922	9
2526173	10
2034960	11
2259164	12
2342519	13
2562417	14
2700124	15
3208231	16
2553987	17
2510595	18
2192908	19
2419292	20
2671154	21
2406364	22
2589905	23
2675864	24
2560788	25
2839593	26
2704457	27
2563903	28
2207122	29
2035047	30
2462774	31
2196858	32
2066938	33
2696296	34
2503064	35
2525036	36
2793519	37
2771149	38
2776472	39
2616556	40
2366227	41
2823756	42
2853500	43
2100530	44
2181563	45
2135247	46
2336288	47
2474048	48
2784903	49
2374834	50
2404703	51
2539423	52
2292974	53
2809708	54
2703212	55
2479670	56
2763742	57
2062749	58
2684340	59
2747265	60
2508361	61
2681431	62
2016522	63
2248735	64
2166188	65
2310414	66
2828707	67
2196302	68
2690750	69
2780494	70
2323161	71
2004923	72
2600027	73
2328652	74
2621418	75
2203546	76
2438612	77
2281060	78
2281489	79
2765674	80
2488905	81
2152967	82
2665221	83
1982580	84
2887363	85
2464221	86
2929109	87
2508327	88
2421049	89
2203342	90
2705359	91
2532167	92
2167980	93
2330665	94
2192328	95
2555199	96
2237484	97
2966329	98
2903540	99
2834727	100
2740339	101
2053414	102
2411850	103
3200761	104
2611469	105
2487866	106
2444883	107
2273634	108
2591976	109
2713437	110
2464705	111
2790918	112
2382565	113
2134500	114
3089107	115
3227759	116
2613781	117
2806232	118
2643367	119
2294409	120
2529826	121
2767888	122
2347455	123
2671293	124
3065846	125
2301068	126
2164169	127
2912668	128
2228198	129
2584407	130
2997618	131
2808030	132
1841256	133
2605640	134
2190742	135
2054823	136
2478321	137
2635290	138
2634410	139
2392940	140
2463679	141
2202383	142
2515224	143
2826056	144
2612516	145
2579197	146
2684973	147
2066438	148
2482142	149
2452604	150
2326957	151
2577015	152
2488077	153
3022733	154
2700344	155
3021989	156
2020058	157
2796889	158
2246749	159
2434882	160
2302253	161
2795548	162
2444892	163
2455278	164
2673880	165
3094334	166
2076050	167
2888649	168
3177913	169
2607302	170
2257066	171
2692362	172
2478663	173
2416202	174
2577256	175
2787426	176
2331991	177
2421168	178
2871546	179
2928353	180
2715480	181
2294078	182
2397633	183
2500898	184
2502304	185
2377394	186
2916622	187
2298543	188
2674103	189
2400238	190
2956370	191
2262617	192
2999542	193
2499033	194
2590407	195
2290807	196
2591267	197
2548773	198
2572952	199
2816822	200
2240456	201
2395963	202
2554531	203
2480243	204
2164038	205
3098549	206
2793537	207
2336793	208
2784369	209
2504153	210
1982858	211
2409006	212
2226934	213
2230480	214
2791231	215
2600138	216
2451299	217
2719958	218
2546284	219
2063586	220
2909575	221
2829461	222
3009356	223
2569352	224
2462133	225
2261373	226
2541807	227
2835152	228
2411890	229
3034667	230
2484263	231
3156042	232
2241138	233
2578737	234
2300000	235
2226487	236
2415620	237
2024403	238
2346058	239
2221612	240
2391543	241
2944639	242
2711177	243
2166197	244
2567740	245
3112553	246
2406594	247
2969197	248
2240873	249
2688697	250
2698568	251
2675413	252
2521032	253
2752772	254
2637116	255
2366083	256
2713934	257
2502104	258
1959754	259
2510059	260
2276920	261
2439592	262
2129320	263
2239501	264
2780675	265
2624510	266
2199287	267
2677696	268
2614551	269
2618811	270
2964350	271
2593798	272
2263450	273
2616673	274
2004761	275
2338320	276
2816524	277
2490489	278
2887866	279
2682759	280
2783745	281
2282266	282
2662590	283
2361583	284
3072703	285
3136573	286
1983278	287
2734196	288
2372556	289
2357014	290
2640751	291
2418087	292
2380552	293
2644987	294
2689857	295
3072886	296
1980450	297
1860033	298
2583118	299
2895710	300
2540602	301
2526193	302
2773160	303
2555710	304
2785275	305
2308211	306
2771233	307
2584503	308
2398060	309
1961447	310
2211617	311
1822633	312
2125031	313
2026298	314
2486523	315
2567390	316
2446462	317
2149182	318
2279613	319
3140505	320
2345629	321
2150708	322
2338355	323
2893705	324
2666377	325
2206349	326
2542197	327
2542559	328
2926011	329
2181103	330
2376749	331
2814392	332
2314965	333
2183823	334
2552554	335
2771619	336
2633467	337
2644335	338
2457020	339
2083588	340
2435759	341
2339495	342
2247984	343
2730127	344
2580110	345
2633488	346
2197751	347
2757569	348
2239238	349
1888455	350
2224572	351
2872649	352
2394903	353
2585011	354
2830031	355
2751587	356
2873538	357
2262247	358
2827437	359
2145599	360
1877972	361
2165770	362
2376706	363
3024242	364
2240871	365
2434618	366
2332954	367
2820493	368
2153504	369
2629663	370
2590292	371
2155731	372
2515945	373
2646176	374
2358516	375
2691404	376
2356445	377
2381232	378
2380268	379
2516362	380
2657021	381
2588818	382
2506363	383
2419970	384
2263542	385
2407207	386
3171081	387
2638623	388
2552588	389
2585505	390
2338783	391
2775372	392
1914313	393
2530018	394
2798117	395
2384258	396
2303325	397
3250943	398
3063541	399
2487465	400
2108791	401
2373463	402
2365511	403
2661977	404
2432676	405
2712276	406
2645172	407
2661808	408
2665491	409
2695001	410
2553983	411
2690428	412
2549381	413
2429896	414
2651279	415
2696639	416
2573827	417
2888634	418
1865030	419
2325328	420
2761358	421
2153797	422
2909855	423
2831014	424
2690468	425
2276791	426
2473008	427
2640480	428
2670905	429
2665674	430
2749578	431
2269315	432
2430039	433
2167453	434
3078973	435
1963200	436
2536069	437
2435742	438
2342240	439
2758019	440
2695043	441
2085747	442
2280551	443
3252490	444
1948842	445
2474913	446
2486612	447
2528250	448
2134215	449
2683988	450
2566207	451
2527805	452
2160701	453
2245166	454
1552019	455
2626453	456
2199135	457
2594801	458
2780074	459
2670018	460
2140259	461
3284328	462
2353250	463
2296254	464
2197755	465
2451946	466
2615884	467
2702734	468
2572302	469
2222439	470
3022307	471
2736169	472
2826086	473
2192284	474
2069625	475
1866535	476
2221251	477
2694176	478
3061742	479
2586951	480
2390734	481
2155079	482
2553803	483
2684249	484
2414654	485
2392800	486
2790546	487
2971686	488
2597101	489
2380116	490
2289247	491
2688226	492
2738149	493
2247478	494
2812176	495
2661938	496
2733738	497
2556579	498
2876155	499
2164182	500
2401856	501
2445552	502
2500764	503
2700839	504
2900077	505
2083795	506
2433656	507
2762004	508
2604987	509
2741519	510
2918672	511
2581201	512
2454844	513
2011211	514
2759414	515
2876912	516
2642985	517
2029248	518
2662808	519
2731004	520
2621076	521
2120946	522
2584747	523
2912600	524
2575190	525
2300741	526
2635477	527
2479720	528
2989966	529
2692091	530
2404915	531
2944906	532
2364357	533
2615843	534
2837435	535
2930243	536
2553887	537
2301037	538
2612075	539
1960939	540
2967106	541
2315469	542
2503082	543
3141837	544
2871727	545
2955266	546
2750267	547
2818473	548
2311723	549
2656550	550
2660371	551
2540549	552
2594372	553
3087260	554
1997852	555
2549265	556
2368644	557
2843648	558
2356978	559
2459331	560
2449078	561
2740288	562
2108292	563
2319773	564
2863695	565
2651485	566
2342511	567
1966465	568
2693602	569
2725065	570
2521459	571
2638808	572
2807333	573
2819466	574
2340760	575
2704789	576
2269680	577
2451335	578
2299773	579
2425323	580
2343001	581
2901275	582
2419648	583
2531700	584
2575375	585
2655482	586
3338790	587
2313560	588
2793875	589
3272050	590
2301793	591
2550019	592
2298051	593
3026350	594
2398585	595
2506313	596
2449981	597
2623260	598
3013348	599
2936139	600
2676671	601
2214052	602
2343169	603
2219001	604
2290365	605
2638770	606
2457812	607
2438976	608
2359356	609
2247998	610
2717455	611
2676072	612
2844455	613
1955266	614
2393606	615
2501408	616
2126916	617
2710298	618
3239261	619
2187061	620
2289031	621
2842390	622
2911829	623
2339624	624
2708745	625
2315515	626
3028053	627
2156500	628
2783954	629
2527149	630
2047080	631
1943116	632
2552698	633
2769184	634
2668879	635
2291173	636
2274037	637
2390493	638
1966853	639
2256236	640
2431609	641
2420696	642
2624560	643
2426928	644
2191168	645
2357323	646
2485759	647
2526202	648
2546464	649
2936818	650
2709340	651
2913636	652
2275220	653
2778429	654
2508604	655
2447562	656
2742479	657
2578862	658
2741113	659
2893181	660
2775464	661
2327130	662
2899268	663
2387476	664
2582760	665
2385243	666
2267922	667
2526434	668
2224841	669
2645352	670
2383367	671
2671464	672
2454668	673
2235735	674
2563471	675
2526703	676
2265123	677
2676083	678
2341398	679
2780702	680
2111701	681
2809253	682
2569035	683
2532084	684
1814970	685
2708410	686
2575802	687
2365458	688
2339419	689
3389871	690
2196256	691
2402752	692
2450151	693
2666352	694
2713886	695
2933902	696
2673910	697
2359308	698
2719774	699
1845389	700
2363587	701
2186022	702
2743149	703
2690963	704
2298986	705
2640529	706
2504192	707
2354736	708
2016207	709
2525602	710
2262302	711
2563586	712
2591763	713
2687205	714
2453882	715
2812302	716
2580188	717
2206251	718
2042991	719
2619016	720
2516506	721
2706333	722
2103584	723
2570386	724
2914119	725
2774240	726
2211013	727
2243684	728
2510359	729
2823359	730
2798438	731
2544274	732
2475696	733
2908866	734
2440568	735
2439339	736
2604947	737
3035943	738
3057056	739
2638438	740
2905047	741
2605114	742
2522714	743
2169376	744
2356751	745
2774820	746
2197177	747
2690120	748
1851910	749
2432032	750
2233482	751
2654806	752
1883620	753
2876806	754
2811829	755
2750442	756
2464415	757
3054465	758
2703090	759
2947126	760
3245222	761
2159535	762
2237542	763
2800275	764
2809802	765
2049967	766
2659871	767
2699696	768
2532637	769
2433248	770
2873143	771
2072438	772
2525234	773
2584116	774
1725169	775
2525489	776
2755759	777
2077507	778
2898462	779
2668160	780
2431631	781
2826454	782
2825344	783
2611959	784
2566242	785
2698548	786
2775025	787
2233568	788
2658917	789
2009124	790
2286049	791
1935707	792
2667134	793
2724733	794
2779248	795
2255046	796
2640359	797
2620123	798
2503127	799
2640183	800
2460931	801
2524011	802
2893887	803
2604281	804
2237803	805
2357484	806
2082648	807
2340460	808
2156520	809
2048350	810
2787817	811
2884365	812
2652495	813
2658667	814
2139317	815
2552273	816
2908602	817
3167969	818
3131350	819
3077068	820
2470446	821
2713895	822
2372049	823
2910616	824
2971923	825
2475079	826
2766316	827
2273640	828
2495330	829
2410212	830
2896862	831
1857128	832
2356104	833
2675650	834
2354539	835
2056781	836
3113791	837
2779816	838
2538860	839
2813568	840
2043057	841
2722687	842
2482894	843
2543697	844
2742954	845
2761569	846
1956828	847
2486943	848
2104015	849
2523375	850
2578713	851
2535081	852
2373403	853
2363922	854
2115951	855
2639673	856
2638554	857
2818516	858
2275031	859
2498707	860
2387660	861
2580157	862
2863598	863
2216721	864
2186386	865
2772590	866
2318853	867
1832857	868
2812007	869
2734235	870
2081247	871
2498355	872
2125646	873
2537581	874
2212816	875
2419447	876
2113433	877
2460297	878
2450004	879
2884255	880
2787704	881
2306560	882
2589015	883
2146592	884
2491320	885
2713226	886
2135875	887
1888159	888
2627723	889
2170470	890
2603882	891
2971405	892
2505691	893
2017696	894
2368420	895
2073552	896
2523173	897
2418896	898
2746259	899
2342302	900
2479744	901
2625945	902
2375338	903
2132524	904
2596840	905
2262848	906
2780534	907
2393449	908
2351503	909
2281060	910
2417304	911
2870399	912
2804899	913
2679543	914
2137051	915
2300913	916
2417326	917
2697420	918
2249703	919
2786971	920
2794328	921
2198930	922
2764682	923
2442366	924
1782394	925
1925779	926
2716775	927
2311227	928
2775802	929
2731222	930
2448441	931
2855917	932
2753732	933
2410282	934
2628478	935
2252165	936
2268641	937
2305970	938
2340781	939
2277816	940
2785040	941
2617197	942
2696134	943
2352182	944
2693485	945
2217871	946
2875631	947
3178986	948
2709058	949
2863986	950
2842246	951
2459731	952
2644929	953
2209817	954
2237553	955
2666967	956
2459932	957
2326778	958
2522326	959
2788956	960
3102242	961
2256066	962
2108652	963
2937174	964
2417339	965
2589609	966
2505624	967
2523220	968
2327152	969
2143559	970
2230595	971
2704755	972
2718191	973
2586317	974
2070210	975
2589738	976
2661082	977
2575097	978
2385904	979
2023139	980
2560385	981
2581719	982
2726078	983
2609168	984
2793102	985
2503060	986
1772180	987
2394903	988
2850823	989
2280448	990
2495750	991
2286556	992
2887177	993
2441848	994
2080840	995
2139353	996
2676043	997
3167283	998
2941165	999
2379404	1000
2150754	1001
2408798	1002
2313611	1003
2168025	1004
2529843	1005
2481716	1006
2475874	1007
2486926	1008
2802447	1009
2858153	1010
2047680	1011
2657416	1012
2357695	1013
2305522	1014
2562010	1015
2185792	1016
2738854	1017
2314380	1018
2404456	1019
2242687	1020
2436579	1021
2170181	1022
2614462	1023
2875738	1024
2997397	1025
2358741	1026
2468091	1027
2502240	1028
2423095	1029
2478672	1030
2369170	1031
2560805	1032
2097560	1033
2688144	1034
2515914	1035
2684601	1036
2695739	1037
2203638	1038
2713168	1039
2629951	1040
2504787	1041
2482344	1042
2542417	1043
2463666	1044
2271688	1045
2234095	1046
2695261	1047
2782228	1048
2198531	1049
2546530	1050
2499014	1051
2413802	1052
2430418	1053
2994253	1054
2401960	1055
2763111	1056
2557977	1057
2298162	1058
2446131	1059
2784245	1060
1993195	1061
2739613	1062
2871712	1063
2235349	1064
2410724	1065
2691066	1066
2928715	1067
2379866	1068
2187693	1069
2962418	1070
2221118	1071
2372113	1072
2209895	1073
2446338	1074
2564458	1075
2272856	1076
2752449	1077
2573649	1078
2729733	1079
2393745	1080
2523490	1081
2203861	1082
2955777	1083
2648434	1084
2883585	1085
2442235	1086
1831248	1087
2093048	1088
2228821	1089
2348425	1090
2516335	1091
2839832	1092
2668376	1093
2592861	1094
2522041	1095
2354123	1096
2526650	1097
2092094	1098
2412976	1099
2620288	1100
2701584	1101
1879666	1102
2460598	1103
2604789	1104
2471341	1105
2016209	1106
2393604	1107
2703109	1108
3025502	1109
2676092	1110
3050584	1111
2718356	1112
2217507	1113
2508257	1114
1991030	1115
2671891	1116
2398467	1117
2614872	1118
2527334	1119
2835389	1120
2310818	1121
2461227	1122
2760045	1123
2482683	1124
2735442	1125
2544011	1126
2680954	1127
2200865	1128
2459538	1129
2220677	1130
2665694	1131
2527116	1132
2310744	1133
2312346	1134
2415003	1135
2618976	1136
2546055	1137
2379275	1138
2672308	1139
2555817	1140
2551630	1141
2455484	1142
2190733	1143
2368861	1144
2822831	1145
2549514	1146
2388692	1147
2295096	1148
2485131	1149
2147738	1150
2681241	1151
2545806	1152
2653373	1153
2262718	1154
2773281	1155
2512930	1156
2690880	1157
2327632	1158
2675660	1159
3319262	1160
2470935	1161
2914407	1162
2317535	1163
2462723	1164
2982048	1165
2553691	1166
2573376	1167
2503358	1168
2532556	1169
2583799	1170
2694127	1171
2332086	1172
2484103	1173
2020181	1174
2513307	1175
2682951	1176
2761269	1177
2328527	1178
2450878	1179
3025320	1180
2249742	1181
2414021	1182
2307616	1183
2365128	1184
2899035	1185
2167064	1186
2540043	1187
2481233	1188
2795807	1189
2781162	1190
2550496	1191
2883109	1192
2421611	1193
2606836	1194
2753898	1195
2739428	1196
2753433	1197
2471472	1198
2697714	1199
2178589	1200
1974925	1201
2491637	1202
2347408	1203
2588702	1204
2277043	1205
2396365	1206
2745711	1207
2667733	1208
2563309	1209
2427416	1210
2241665	1211
2110800	1212
2885348	1213
2791418	1214
2771082	1215
2313248	1216
1997781	1217
2749161	1218
2178302	1219
2603704	1220
2530518	1221
2549409	1222
2754026	1223
2414119	1224
2751308	1225
2886134	1226
1990367	1227
2054170	1228
2289841	1229
2844609	1230
1936167	1231
3263317	1232
2776610	1233
2152606	1234
2692348	1235
2693251	1236
2416815	1237
3159828	1238
2104160	1239
2406138	1240
2799631	1241
2381483	1242
2360760	1243
2457048	1244
3234375	1245
2761712	1246
2414635	1247
2256574	1248
2645277	1249
2493356	1250
2765766	1251
2413770	1252
3056174	1253
2806209	1254
2067760	1255
2755505	1256
2550924	1257
2453689	1258
2355581	1259
2424956	1260
2215531	1261
2261154	1262
2626263	1263
2868815	1264
2177784	1265
2776109	1266
2934841	1267
2164172	1268
2908277	1269
2778655	1270
1649218	1271
2344044	1272
2750938	1273
2420751	1274
2084082	1275
2445223	1276
2011982	1277
2605806	1278
2717079	1279
2232666	1280
2346758	1281
2537819	1282
2040860	1283
2310165	1284
2393895	1285
2812223	1286
2581741	1287
2586282	1288
3153431	1289
2785258	1290
2571886	1291
2228475	1292
2390199	1293
2229046	1294
2770019	1295
2128461	1296
2280786	1297
2865111	1298
2360164	1299
2423349	1300
2469039	1301
2659644	1302
2562893	1303
3057216	1304
1816355	1305
2261729	1306
2870692	1307
2348222	1308
2321522	1309
2668633	1310
2289005	1311
2270031	1312
2429090	1313
2660611	1314
2711641	1315
2419088	1316
3059442	1317
3027239	1318
2136677	1319
2794972	1320
2166385	1321
2330362	1322
2256408	1323
2113100	1324
2945076	1325
2664409	1326
2569045	1327
2350880	1328
2384784	1329
2466383	1330
2652751	1331
2267604	1332
2524834	1333
2944794	1334
2650164	1335
2061057	1336
3286596	1337
2425067	1338
2561095	1339
3074766	1340
2114110	1341
2628320	1342
2660520	1343
3111218	1344
2667472	1345
3062231	1346
3255420	1347
2707404	1348
2537266	1349
2471427	1350
2182080	1351
2857564	1352
2738862	1353
2444634	1354
2686969	1355
2489446	1356
2458008	1357
2245673	1358
2771417	1359
2780260	1360
2312654	1361
2557516	1362
2018606	1363
1896356	1364
2687819	1365
2401726	1366
3010094	1367
2939386	1368
2946583	1369
2430858	1370
2796816	1371
2682244	1372
2341010	1373
2843309	1374
2366848	1375
2312958	1376
2402507	1377
2516988	1378
2492815	1379
2919100	1380
2427005	1381
2387955	1382
3046306	1383
2874005	1384
2382194	1385
2737153	1386
2939859	1387
2383790	1388
2735243	1389
2628185	1390
2791977	1391
2609830	1392
2360813	1393
2348745	1394
2454606	1395
2679781	1396
2393713	1397
2817408	1398
3019034	1399
2414735	1400
2155092	1401
2638440	1402
2365193	1403
2673348	1404
2737274	1405
2372556	1406
2374514	1407
2782754	1408
2326405	1409
2033594	1410
2290351	1411
2750478	1412
2248301	1413
2119847	1414
2093184	1415
2333102	1416
2525553	1417
2820412	1418
2270539	1419
2578200	1420
2120934	1421
3004254	1422
2708019	1423
2127436	1424
2663909	1425
2714310	1426
2516306	1427
2759102	1428
3122340	1429
2564971	1430
2510333	1431
2514097	1432
2908227	1433
2610400	1434
2384413	1435
2778098	1436
2126584	1437
2606037	1438
3157066	1439
2467127	1440
2799426	1441
2906649	1442
2004162	1443
2256782	1444
2437052	1445
2745216	1446
2683347	1447
2487317	1448
2838402	1449
2091021	1450
2605909	1451
2146784	1452
2329188	1453
2032983	1454
2531052	1455
2039245	1456
2369246	1457
2650707	1458
2078602	1459
2403165	1460
2429828	1461
2778264	1462
2754028	1463
2140737	1464
2519517	1465
2238864	1466
2120827	1467
2331245	1468
3016684	1469
1847962	1470
2659497	1471
2971347	1472
2315109	1473
2660199	1474
2945299	1475
2182153	1476
2527258	1477
2503661	1478
2679702	1479
2339484	1480
2158153	1481
2581694	1482
2292848	1483
2314853	1484
2657455	1485
2940385	1486
2551927	1487
2120012	1488
2545071	1489
2849948	1490
2697767	1491
2457121	1492
1997246	1493
2700759	1494
2204759	1495
2711282	1496
2926467	1497
2483204	1498
2278769	1499
2868025	1500
2536941	1501
2044201	1502
2466395	1503
2710597	1504
2457104	1505
2553948	1506
2189327	1507
2282428	1508
2861182	1509
2404972	1510
2209432	1511
2486378	1512
2579172	1513
2236959	1514
2281388	1515
2531894	1516
2782570	1517
2260167	1518
2523539	1519
1992384	1520
2481050	1521
2078614	1522
2111769	1523
2589240	1524
2549247	1525
2723146	1526
2119566	1527
2736530	1528
2325923	1529
2503652	1530
1956912	1531
2703965	1532
2471220	1533
2172688	1534
2621934	1535
2411545	1536
2057855	1537
2234738	1538
2671355	1539
2482075	1540
2057926	1541
2600019	1542
2421366	1543
2548034	1544
2453366	1545
2384807	1546
2475305	1547
2823542	1548
2896908	1549
2736830	1550
2621033	1551
2620429	1552
2440039	1553
2257890	1554
2539447	1555
2505746	1556
1982260	1557
2743658	1558
2954632	1559
2358241	1560
1918795	1561
2770960	1562
2788443	1563
2327279	1564
2082934	1565
2549294	1566
2369015	1567
2116598	1568
2673483	1569
2386170	1570
2430298	1571
1980512	1572
2458736	1573
1819828	1574
2403876	1575
2437216	1576
2224553	1577
1909186	1578
3048057	1579
2340144	1580
2378330	1581
2356650	1582
2388164	1583
2381582	1584
2314635	1585
2693943	1586
2676682	1587
2423878	1588
2368908	1589
2746400	1590
2809147	1591
2575680	1592
2269340	1593
2665711	1594
1773682	1595
2185254	1596
2113462	1597
2105289	1598
2354850	1599
2407719	1600
2297573	1601
2554630	1602
2690331	1603
2715141	1604
2410092	1605
2369359	1606
2653485	1607
2733543	1608
2685106	1609
2753253	1610
2372495	1611
2128370	1612
2736115	1613
3081163	1614
2642888	1615
2661917	1616
2523987	1617
2789346	1618
1999671	1619
2572537	1620
2829895	1621
2053209	1622
2649619	1623
2714602	1624
2745981	1625
2532274	1626
2818539	1627
2446950	1628
3075602	1629
2129573	1630
2130010	1631
2699227	1632
2437929	1633
2911654	1634
2011531	1635
2124098	1636
2443378	1637
2253176	1638
2846727	1639
2787065	1640
2827523	1641
2518519	1642
2607195	1643
2350735	1644
2632030	1645
2813518	1646
2340535	1647
2612432	1648
2506993	1649
1917660	1650
2649697	1651
3153446	1652
2453593	1653
2612792	1654
1629337	1655
2692398	1656
2295657	1657
2238820	1658
1907217	1659
3060758	1660
2436809	1661
2582156	1662
2919684	1663
2256726	1664
2215088	1665
2562796	1666
2884662	1667
2234679	1668
2612142	1669
2982331	1670
2680773	1671
2837175	1672
2948463	1673
2813336	1674
2489943	1675
2843517	1676
1979279	1677
2643337	1678
2800190	1679
1813830	1680
2398910	1681
2442050	1682
2595556	1683
2446383	1684
2141119	1685
2547200	1686
2635464	1687
2253028	1688
2098001	1689
2234523	1690
2857171	1691
2464531	1692
2150863	1693
2608726	1694
2929285	1695
2446209	1696
2646616	1697
2664526	1698
2346826	1699
2319772	1700
2520975	1701
2711714	1702
2426695	1703
2925786	1704
2063315	1705
2913092	1706
3084850	1707
2476069	1708
2809508	1709
2733168	1710
2653276	1711
2928633	1712
2222331	1713
2727573	1714
2345088	1715
2435249	1716
2840977	1717
2936055	1718
2701289	1719
2380554	1720
2283351	1721
2513348	1722
2575572	1723
2725051	1724
2269680	1725
2300002	1726
2294510	1727
2654211	1728
3175811	1729
2666503	1730
2113653	1731
2621255	1732
2594336	1733
2474323	1734
2796303	1735
2733469	1736
2513668	1737
2442280	1738
2581188	1739
2182173	1740
2354518	1741
2597560	1742
2369449	1743
1990863	1744
2824078	1745
2240641	1746
2391829	1747
1832330	1748
2718545	1749
2372104	1750
2209532	1751
2524696	1752
2533350	1753
2803005	1754
2815776	1755
2447510	1756
2162395	1757
2811572	1758
2818110	1759
2176820	1760
2461394	1761
2537215	1762
2601271	1763
2252623	1764
2710462	1765
3020476	1766
2155279	1767
2106245	1768
2479599	1769
2348954	1770
2805741	1771
2912884	1772
2979988	1773
2339421	1774
2740329	1775
2495480	1776
2211732	1777
2263427	1778
2201075	1779
2455826	1780
2283492	1781
2692216	1782
2649468	1783
2567397	1784
2905106	1785
2678315	1786
2536586	1787
2609199	1788
2407747	1789
2084273	1790
2819606	1791
2748106	1792
2176028	1793
2836862	1794
2898836	1795
2257846	1796
2484728	1797
2340637	1798
2767816	1799
2557697	1800
2820536	1801
2532433	1802
2307800	1803
2188261	1804
2567734	1805
2644602	1806
2266760	1807
2409535	1808
1997496	1809
1985177	1810
2694972	1811
2262662	1812
2518384	1813
2570175	1814
2659370	1815
2416164	1816
2173767	1817
3077051	1818
2168236	1819
2634878	1820
2537197	1821
2431881	1822
2532825	1823
2174330	1824
2309813	1825
2431765	1826
2312689	1827
2446843	1828
2698687	1829
2249287	1830
2890164	1831
2917148	1832
2426449	1833
2218322	1834
2349919	1835
2428365	1836
2919500	1837
2556136	1838
2777102	1839
2993230	1840
3085351	1841
2561248	1842
2848988	1843
2834806	1844
2365037	1845
2200058	1846
2445786	1847
2882884	1848
2458904	1849
2633015	1850
2609668	1851
2551639	1852
2358814	1853
2194942	1854
2796986	1855
2853975	1856
2579689	1857
2389635	1858
2557846	1859
2283670	1860
3071041	1861
2442142	1862
2799572	1863
2580669	1864
2518289	1865
2268965	1866
2503898	1867
2804277	1868
2749264	1869
3089611	1870
2271346	1871
2189905	1872
2692924	1873
2392126	1874
2103791	1875
2263903	1876
2382832	1877
3029344	1878
2043886	1879
2503756	1880
2965107	1881
2321185	1882
2745521	1883
2943011	1884
1966249	1885
1993605	1886
2938453	1887
2499713	1888
2604225	1889
2728749	1890
2333032	1891
2690130	1892
3253294	1893
1825581	1894
1915721	1895
2065027	1896
3070264	1897
2803817	1898
2745893	1899
2347700	1900
1831517	1901
2493480	1902
2580941	1903
2016221	1904
2245645	1905
2772307	1906
2676757	1907
2520523	1908
2208833	1909
2446411	1910
1993120	1911
2058468	1912
2726342	1913
2588365	1914
2868978	1915
2602843	1916
2426024	1917
2577720	1918
2135655	1919
2385671	1920
1908544	1921
2484756	1922
2610547	1923
2582970	1924
2256166	1925
2279714	1926
2457777	1927
2427990	1928
3055035	1929
2678900	1930
2092772	1931
2799677	1932
2991418	1933
2713111	1934
2255000	1935
2216591	1936
2454804	1937
2365935	1938
2702946	1939
2584572	1940
1947306	1941
2241902	1942
2245395	1943
2562531	1944
2462392	1945
2759560	1946
2847691	1947
2225921	1948
2515543	1949
2713821	1950
2728732	1951
2088304	1952
2643480	1953
2292699	1954
2392185	1955
3185667	1956
2693227	1957
2076214	1958
3184044	1959
2399740	1960
2690815	1961
2630561	1962
2769171	1963
2568688	1964
2239996	1965
2514259	1966
2288763	1967
2680960	1968
3067025	1969
2698488	1970
2014689	1971
2155483	1972
2336805	1973
2324649	1974
2471578	1975
2707923	1976
2832209	1977
2930551	1978
2532384	1979
2431444	1980
2913214	1981
2154835	1982
2676776	1983
2329000	1984
1944602	1985
2732973	1986
2135360	1987
2482974	1988
2955342	1989
2398113	1990
2914299	1991
2715553	1992
2330302	1993
2551034	1994
2604265	1995
2345229	1996
2516122	1997
3071183	1998
2510911	1999
2862905	2000
2462748	2001
2354796	2002
2853930	2003
2315368	2004
2411131	2005
2604005	2006
2460108	2007
2329152	2008
2611979	2009
2310318	2010
2728661	2011
2872591	2012
2521263	2013
2800516	2014
2890155	2015
2505038	2016
2989647	2017
2574362	2018
2527127	2019
2930563	2020
2322211	2021
2341115	2022
2449432	2023
2012258	2024
2146105	2025
2143985	2026
2537671	2027
2224582	2028
2488644	2029
3076360	2030
2801300	2031
2401144	2032
1939979	2033
2703194	2034
2863939	2035
2570648	2036
2209090	2037
1999028	2038
2572499	2039
2546721	2040
2482628	2041
2161772	2042
2456827	2043
2768507	2044
2149964	2045
1992065	2046
2673752	2047
1677300	2048
2381879	2049
2522208	2050
2843740	2051
2416982	2052
2454464	2053
2654920	2054
2642309	2055
2208627	2056
2146283	2057
2541558	2058
3039536	2059
2626675	2060
2677107	2061
2692918	2062
2392030	2063
2550653	2064
2097245	2065
2620577	2066
2413458	2067
2689920	2068
2566659	2069
2078214	2070
2165572	2071
3156996	2072
2204495	2073
2478012	2074
2298367	2075
2584750	2076
3102114	2077
2724820	2078
2725438	2079
2682570	2080
2367583	2081
3061922	2082
3003116	2083
2421110	2084
2466685	2085
1928611	2086
2541071	2087
2476009	2088
2396864	2089
2682087	2090
2598934	2091
2839743	2092
2439999	2093
2536737	2094
2827009	2095
2850613	2096
2388510	2097
2791809	2098
2994987	2099
2414674	2100
2728841	2101
1828301	2102
2451183	2103
2301488	2104
2205075	2105
2414933	2106
2737217	2107
2801572	2108
2321598	2109
2886239	2110
2623387	2111
2436163	2112
2453990	2113
2726041	2114
2736141	2115
2245936	2116
2659981	2117
2232598	2118
2230263	2119
2796210	2120
2323068	2121
2400362	2122
3054131	2123
2520876	2124
2347569	2125
2839127	2126
2637164	2127
2239569	2128
2304479	2129
3024245	2130
2256756	2131
2786075	2132
2842227	2133
2204889	2134
2501455	2135
2920573	2136
2367772	2137
2277142	2138
2218743	2139
2210478	2140
3144335	2141
1972492	2142
2245624	2143
2508759	2144
2599274	2145
2659645	2146
2528099	2147
2713685	2148
3173939	2149
2538975	2150
2758330	2151
3014113	2152
2972226	2153
2285775	2154
2209042	2155
2563274	2156
2537054	2157
2520114	2158
3157463	2159
2983672	2160
2616725	2161
2701651	2162
2362847	2163
2164229	2164
2503418	2165
2548525	2166
2544731	2167
2831388	2168
2736137	2169
2751954	2170
2325524	2171
2408156	2172
2667807	2173
2318518	2174
2885744	2175
2241258	2176
2704516	2177
2882930	2178
2276261	2179
2363980	2180
1826686	2181
2212122	2182
2514807	2183
2336625	2184
2484954	2185
2495568	2186
2734054	2187
2407616	2188
2683025	2189
2350451	2190
2107797	2191
2221423	2192
2441317	2193
2564390	2194
2716255	2195
2741975	2196
2240121	2197
2693493	2198
2311018	2199
2633106	2200
2161303	2201
2712217	2202
2308686	2203
2758726	2204
2792707	2205
2662847	2206
2336657	2207
2746082	2208
3008526	2209
2418830	2210
2784408	2211
2871530	2212
2140564	2213
2448601	2214
2302281	2215
2103332	2216
2518272	2217
2470522	2218
2152618	2219
2588333	2220
2427298	2221
1990096	2222
2596851	2223
2539941	2224
2821658	2225
2081644	2226
2596099	2227
2770147	2228
2243743	2229
2893520	2230
3167811	2231
2304836	2232
2804637	2233
1935066	2234
2830539	2235
2527062	2236
3088168	2237
2398130	2238
2683943	2239
2750450	2240
2503127	2241
1993731	2242
2668648	2243
2561864	2244
2664515	2245
2541397	2246
2663358	2247
2402169	2248
2032901	2249
2153371	2250
3009680	2251
2059782	2252
2339615	2253
2649367	2254
2835061	2255
2504091	2256
2028988	2257
2473290	2258
2375268	2259
2359295	2260
2591960	2261
2230007	2262
2410534	2263
2615403	2264
2456206	2265
2226783	2266
1704834	2267
2628137	2268
2207614	2269
2453045	2270
2602777	2271
2400058	2272
2944749	2273
2449327	2274
2685875	2275
2194518	2276
2872481	2277
2418375	2278
2778908	2279
2435767	2280
2521335	2281
2360902	2282
2831570	2283
2666125	2284
2669464	2285
2801706	2286
2420120	2287
2996367	2288
2810154	2289
2806682	2290
2317411	2291
1949552	2292
2527072	2293
2644676	2294
2725461	2295
2430747	2296
2698867	2297
2456238	2298
2859328	2299
2705013	2300
2219173	2301
3288248	2302
2600792	2303
2250829	2304
2516305	2305
2287531	2306
2053632	2307
2016935	2308
2654599	2309
2256931	2310
2638476	2311
2373593	2312
2601174	2313
2203858	2314
2824816	2315
2190733	2316
2415173	2317
2633265	2318
2020578	2319
2675270	2320
2810697	2321
2520045	2322
2267103	2323
2727066	2324
2686758	2325
2499532	2326
2255131	2327
2544198	2328
2411122	2329
2280099	2330
2328062	2331
2536333	2332
2101334	2333
2733986	2334
2658619	2335
2664158	2336
2025695	2337
2547403	2338
2997189	2339
2310791	2340
2602827	2341
2598192	2342
2992837	2343
3112691	2344
2967168	2345
2375345	2346
2713916	2347
2590412	2348
2268142	2349
2636222	2350
2876387	2351
2932720	2352
2382860	2353
2564498	2354
2295942	2355
2521950	2356
2328145	2357
2398595	2358
2825083	2359
2589593	2360
2774997	2361
2634383	2362
3010368	2363
2530736	2364
2910635	2365
2818208	2366
2424256	2367
2547778	2368
2506233	2369
2793649	2370
2386091	2371
2554744	2372
2427316	2373
2157382	2374
2278752	2375
2531301	2376
2848989	2377
2799085	2378
2693618	2379
2615012	2380
2634019	2381
2007194	2382
2704875	2383
2839504	2384
2722374	2385
2781883	2386
2201246	2387
2512625	2388
2822807	2389
2655991	2390
2821471	2391
2808872	2392
2396783	2393
2358995	2394
2730956	2395
2954225	2396
2569817	2397
2685881	2398
2559703	2399
2419729	2400
2616742	2401
2255885	2402
2194289	2403
2580492	2404
2223352	2405
2518629	2406
2307140	2407
2715283	2408
2729713	2409
2983140	2410
2545541	2411
2600038	2412
2522815	2413
2717927	2414
2097826	2415
2186303	2416
2309848	2417
2462186	2418
2556934	2419
2304064	2420
3023717	2421
2404931	2422
2636024	2423
2325860	2424
2339619	2425
2576087	2426
2632218	2427
2231025	2428
2184574	2429
2650611	2430
2456768	2431
2505125	2432
2365470	2433
2338992	2434
2762401	2435
2336220	2436
2553661	2437
2388395	2438
2424505	2439
2656985	2440
2368772	2441
2161351	2442
2740411	2443
2491040	2444
2583289	2445
2176427	2446
3049067	2447
2680289	2448
2451979	2449
2142458	2450
2781924	2451
2538415	2452
3064177	2453
2900676	2454
2765451	2455
1821281	2456
2467601	2457
2343517	2458
2685311	2459
2631648	2460
1653690	2461
2213831	2462
2502571	2463
2029254	2464
2513392	2465
2335906	2466
2323922	2467
2500475	2468
2944228	2469
2675681	2470
2762511	2471
2709043	2472
2445003	2473
2887528	2474
2378546	2475
2657308	2476
3115740	2477
2625520	2478
2260902	2479
2847200	2480
2087592	2481
2869984	2482
2779864	2483
2850580	2484
2853697	2485
2610415	2486
1828825	2487
2831565	2488
2269837	2489
2585241	2490
2477306	2491
2535660	2492
2775807	2493
2826366	2494
2278887	2495
2329756	2496
2106890	2497
2387754	2498
2183344	2499
2829009	2500
2488251	2501
2739938	2502
2097028	2503
2522559	2504
2406318	2505
2382962	2506
3199527	2507
2425274	2508
2384110	2509
2656989	2510
2343943	2511
1949834	2512
2763307	2513
2679832	2514
2642381	2515
2245518	2516
3009791	2517
2236265	2518
2062616	2519
2375773	2520
2611718	2521
2910927	2522
2456964	2523
1879778	2524
2890715	2525
2756187	2526
2210889	2527
2330561	2528
2552215	2529
2095271	2530
2413081	2531
2403225	2532
2174022	2533
2489510	2534
2481429	2535
2363428	2536
2726540	2537
3046027	2538
3189022	2539
2626301	2540
2504925	2541
2657836	2542
2765295	2543
2245450	2544
2352511	2545
2153558	2546
2915059	2547
2402026	2548
2683368	2549
2629044	2550
2446183	2551
2682757	2552
2267569	2553
2774367	2554
2038620	2555
2056803	2556
2701447	2557
2051881	2558
2183951	2559
2927265	2560
2328919	2561
2766795	2562
2209481	2563
2071129	2564
3083735	2565
1767647	2566
2900733	2567
2720986	2568
2521922	2569
2151069	2570
2834185	2571
2247963	2572
2046599	2573
1784062	2574
2618565	2575
2592948	2576
3008853	2577
2622347	2578
2555084	2579
2367909	2580
3045229	2581
2465632	2582
2613178	2583
2471477	2584
3013899	2585
2247417	2586
2665890	2587
2165266	2588
2466699	2589
2077075	2590
3048221	2591
2490089	2592
2469378	2593
2606235	2594
2339481	2595
2123795	2596
2197014	2597
2666316	2598
3092159	2599
2211793	2600
2717232	2601
2452492	2602
2856080	2603
2574812	2604
2416034	2605
2486218	2606
2335394	2607
2296133	2608
2521570	2609
2355064	2610
2333402	2611
2861408	2612
3070783	2613
2276324	2614
2813537	2615
2643127	2616
2252113	2617
1832986	2618
1982801	2619
2363685	2620
2497680	2621
1933950	2622
2911936	2623
2582112	2624
2667465	2625
2385570	2626
2420427	2627
2775907	2628
2769131	2629
2594810	2630
1968247	2631
2387901	2632
2518049	2633
2488654	2634
2859460	2635
2525901	2636
2325243	2637
2281981	2638
2876766	2639
2657589	2640
2511498	2641
1998840	2642
2732190	2643
2283563	2644
2641068	2645
2066374	2646
2241364	2647
1951232	2648
2634654	2649
2373347	2650
2598585	2651
2436531	2652
2523069	2653
2703215	2654
2212686	2655
2664484	2656
2657600	2657
2475953	2658
2518488	2659
2109681	2660
2086027	2661
2580811	2662
2711889	2663
2558931	2664
3155497	2665
2423429	2666
2197890	2667
2676260	2668
2373305	2669
2332486	2670
2343726	2671
1830436	2672
2588756	2673
2565761	2674
2592489	2675
3094109	2676
2668677	2677
2719083	2678
2766376	2679
2535292	2680
2630787	2681
2478000	2682
2947100	2683
2893874	2684
2380466	2685
2900132	2686
2444107	2687
2290278	2688
2508109	2689
1949177	2690
2400619	2691
2411716	2692
2698389	2693
3131030	2694
2586469	2695
2477752	2696
2918474	2697
3435392	2698
2484282	2699
2383800	2700
2530316	2701
2381447	2702
2496764	2703
2877542	2704
2140478	2705
2333411	2706
2857046	2707
2675859	2708
2852163	2709
2640511	2710
2016273	2711
2397236	2712
2379622	2713
2885071	2714
2742126	2715
2596885	2716
2295837	2717
2124589	2718
2647993	2719
2460120	2720
2698290	2721
2783299	2722
2514318	2723
2544936	2724
1977812	2725
2020650	2726
2360044	2727
3189011	2728
2544046	2729
2793229	2730
2490044	2731
2821593	2732
2440866	2733
2110976	2734
2856525	2735
2341332	2736
2538776	2737
2128239	2738
2837151	2739
2427870	2740
2890282	2741
2668845	2742
2624174	2743
2276706	2744
2080482	2745
2115547	2746
2746903	2747
2503249	2748
2285447	2749
2294426	2750
2409151	2751
2702589	2752
2481181	2753
2659350	2754
2633876	2755
2923136	2756
3193870	2757
2849399	2758
2706490	2759
2908571	2760
2288181	2761
2244332	2762
3053568	2763
2574209	2764
2599981	2765
2362949	2766
2324588	2767
2910098	2768
2065259	2769
2508630	2770
2879768	2771
2551011	2772
2410797	2773
2837547	2774
2421033	2775
2611273	2776
2434383	2777
2698894	2778
2358847	2779
2784784	2780
2426083	2781
2235460	2782
2340026	2783
2783209	2784
2416916	2785
2381926	2786
2201094	2787
2608889	2788
2921511	2789
2344708	2790
2710128	2791
2506731	2792
2478638	2793
2454733	2794
2410204	2795
2894734	2796
2584105	2797
2767831	2798
2139343	2799
2785899	2800
2381410	2801
2293677	2802
2923543	2803
2751134	2804
2629703	2805
2650258	2806
2519910	2807
3182508	2808
2493370	2809
2512815	2810
2474082	2811
2608526	2812
1862696	2813
2364867	2814
2451917	2815
3091384	2816
2401280	2817
2097066	2818
3414159	2819
2819125	2820
2199870	2821
2370914	2822
2185591	2823
2972721	2824
2395825	2825
2220634	2826
2457193	2827
2198610	2828
2630905	2829
2593423	2830
2580734	2831
2369576	2832
2433354	2833
2467644	2834
2901499	2835
2442562	2836
2842569	2837
2219559	2838
2426722	2839
2500558	2840
2446337	2841
2644089	2842
2408348	2843
2542460	2844
2642718	2845
2838697	2846
2789704	2847
2570645	2848
2357571	2849
3033346	2850
2735650	2851
2641364	2852
2699234	2853
2194774	2854
2405541	2855
2903980	2856
2490491	2857
2738226	2858
2692027	2859
2643009	2860
2169661	2861
2632692	2862
2799053	2863
2599482	2864
2805178	2865
1774468	2866
2730208	2867
2785014	2868
2678541	2869
2377466	2870
2963989	2871
2411167	2872
2390824	2873
2839628	2874
2753203	2875
2674197	2876
2610809	2877
2198555	2878
3134880	2879
2149707	2880
2179961	2881
2065814	2882
2377071	2883
2440959	2884
2628382	2885
2963043	2886
2607293	2887
2843986	2888
2486677	2889
2433391	2890
2508769	2891
2282420	2892
2356141	2893
2404987	2894
2772937	2895
2358128	2896
2446846	2897
2308211	2898
2654631	2899
2409933	2900
2614220	2901
2787665	2902
3084389	2903
2894466	2904
2534207	2905
2669089	2906
2423197	2907
2446813	2908
2374216	2909
2119660	2910
2935651	2911
2444973	2912
2698530	2913
2470562	2914
2285113	2915
2658632	2916
2357379	2917
2644570	2918
2564842	2919
2449001	2920
2537886	2921
2568049	2922
2981068	2923
2457575	2924
2248017	2925
2305740	2926
2312339	2927
2032734	2928
2681116	2929
2548670	2930
2448863	2931
2864533	2932
2176615	2933
2444145	2934
2469001	2935
2563705	2936
2261964	2937
2576154	2938
2526691	2939
2730018	2940
2516765	2941
2419115	2942
1867360	2943
3011310	2944
2651767	2945
2532511	2946
2192148	2947
2205514	2948
2523971	2949
2409184	2950
2211307	2951
2665035	2952
2350853	2953
2868928	2954
2277627	2955
2330773	2956
2240812	2957
1622892	2958
2362438	2959
2436557	2960
2603128	2961
2334138	2962
2727646	2963
2416718	2964
2481029	2965
2628880	2966
2319296	2967
2324857	2968
2386036	2969
2315561	2970
2616716	2971
2578665	2972
2985956	2973
2696503	2974
2666979	2975
2614107	2976
2817046	2977
2571251	2978
2260358	2979
2520046	2980
2489670	2981
2087024	2982
2481054	2983
2880792	2984
2425335	2985
2249737	2986
2151267	2987
2653279	2988
2094067	2989
1956616	2990
2542395	2991
2750173	2992
2242163	2993
2818941	2994
2648929	2995
2487523	2996
2331137	2997
2369946	2998
2423115	2999
2132421	3000
2194879	3001
2264473	3002
2778171	3003
2616911	3004
2871249	3005
2268097	3006
2684201	3007
2763207	3008
2579842	3009
3050876	3010
2092831	3011
2251133	3012
2049322	3013
3158673	3014
2650656	3015
2839955	3016
2678863	3017
2414934	3018
2230617	3019
2603445	3020
2977772	3021
2378037	3022
2570405	3023
2343145	3024
2065180	3025
2253913	3026
2296089	3027
1990100	3028
2597546	3029
1905393	3030
2417771	3031
2431040	3032
2114495	3033
2069716	3034
3031204	3035
2628492	3036
2608930	3037
2644928	3038
2270387	3039
2653300	3040
2205825	3041
2295200	3042
2595526	3043
2367422	3044
1971016	3045
2584113	3046
2096261	3047
3137935	3048
2458225	3049
2519254	3050
2720603	3051
1561133	3052
2570251	3053
2857596	3054
2347094	3055
2320793	3056
2646801	3057
3099270	3058
2494459	3059
2645408	3060
2593606	3061
2237961	3062
2712968	3063
2674414	3064
3003174	3065
2180457	3066
2036601	3067
3069399	3068
2573634	3069
2865343	3070
3059461	3071
2712709	3072
1989364	3073
2233088	3074
2859057	3075
2315486	3076
2900405	3077
2478995	3078
2034519	3079
2640234	3080
2579273	3081
2469911	3082
2157264	3083
2745564	3084
2103671	3085
2777402	3086
2652090	3087
2887197	3088
2442761	3089
2273477	3090
2910633	3091
2935711	3092
2627034	3093
2106983	3094
1851361	3095
2138120	3096
2550767	3097
2071835	3098
2555653	3099
2413256	3100
2465527	3101
2675420	3102
2653555	3103
2539001	3104
2599653	3105
2066724	3106
2311911	3107
3215686	3108
2384959	3109
2176579	3110
2613209	3111
2460416	3112
2783148	3113
2684530	3114
2712404	3115
2565135	3116
2647049	3117
2693306	3118
2779603	3119
2185791	3120
2781321	3121
2556460	3122
2521200	3123
2866816	3124
2276167	3125
1997505	3126
2644031	3127
2205189	3128
2535882	3129
2529294	3130
2200761	3131
2743882	3132
2642839	3133
2561966	3134
2336675	3135
2599276	3136
2410530	3137
2459336	3138
2693280	3139
2854053	3140
2505418	3141
2411140	3142
2290418	3143
2828198	3144
2119363	3145
2625928	3146
2203206	3147
2424327	3148
2326963	3149
2760697	3150
2601006	3151
2580862	3152
2571171	3153
2435758	3154
2463048	3155
2853436	3156
2160918	3157
3014132	3158
2886017	3159
2273963	3160
2553910	3161
3122063	3162
2464895	3163
2428773	3164
1884230	3165
2165433	3166
2515002	3167
2406113	3168
1994701	3169
2582117	3170
2270076	3171
2713284	3172
2667172	3173
2633764	3174
2332374	3175
2489192	3176
2653034	3177
2566801	3178
2861580	3179
2851319	3180
1941668	3181
2501401	3182
2424721	3183
2482286	3184
2709991	3185
2329550	3186
2593385	3187
2472607	3188
2311075	3189
2967361	3190
2233905	3191
2315135	3192
3030574	3193
2975460	3194
2653475	3195
2633557	3196
2378005	3197
2564479	3198
2597077	3199
3221226	3200
2546891	3201
1726800	3202
2859838	3203
2482876	3204
2785017	3205
2396102	3206
2580370	3207
2669373	3208
2395982	3209
2588966	3210
2429918	3211
2627185	3212
2321184	3213
2764095	3214
2307772	3215
2709089	3216
2686437	3217
2529994	3218
2616943	3219
2423327	3220
2413260	3221
2350899	3222
3131762	3223
2754544	3224
2198370	3225
3074477	3226
2394267	3227
2750535	3228
2249807	3229
2594923	3230
3194610	3231
2374510	3232
1975869	3233
1968491	3234
2342673	3235
2260243	3236
2610308	3237
2028312	3238
2813958	3239
2284000	3240
2627157	3241
2581573	3242
2671220	3243
2201617	3244
2505974	3245
2621896	3246
2404981	3247
2716459	3248
2061445	3249
2269144	3250
2546075	3251
2910088	3252
2127227	3253
2259662	3254
2564122	3255
2750423	3256
2336482	3257
2740905	3258
2357191	3259
2181321	3260
2721385	3261
2428214	3262
2623972	3263
2174765	3264
3011902	3265
2396781	3266
2397440	3267
1876881	3268
2111387	3269
2788809	3270
2224938	3271
2159438	3272
2383615	3273
2445718	3274
2554129	3275
2992733	3276
2382741	3277
2409267	3278
2496519	3279
3023385	3280
2728868	3281
2268215	3282
2802554	3283
1978445	3284
2563421	3285
2378278	3286
2566743	3287
2268342	3288
2586958	3289
2036839	3290
2783200	3291
2760065	3292
2776993	3293
2204307	3294
2946597	3295
2847420	3296
2604801	3297
2358970	3298
2785784	3299
2726619	3300
2350830	3301
2555230	3302
2501107	3303
2305281	3304
2460658	3305
2200942	3306
2426497	3307
2849909	3308
2698035	3309
2690568	3310
2707221	3311
2632171	3312
2954385	3313
2878535	3314
2714347	3315
2664131	3316
2232043	3317
2383492	3318
2168001	3319
3246748	3320
2095567	3321
2871248	3322
2739552	3323
2848788	3324
1904310	3325
1912168	3326
2308906	3327
2797814	3328
2362879	3329
2495831	3330
2458664	3331
2375872	3332
2180144	3333
2496521	3334
2446888	3335
2775779	3336
2763566	3337
2730878	3338
2330367	3339
2568613	3340
2074488	3341
2649805	3342
2351528	3343
2250735	3344
2321741	3345
2135793	3346
2751060	3347
2333095	3348
2560245	3349
2617932	3350
2471671	3351
2351604	3352
2294851	3353
2519245	3354
2473816	3355
2853737	3356
3383032	3357
2805545	3358
2301911	3359
2481469	3360
2456017	3361
2566180	3362
2226384	3363
2573430	3364
2833995	3365
2534837	3366
1814333	3367
2270292	3368
2426379	3369
2175280	3370
2161342	3371
2701001	3372
2606792	3373
2622722	3374
2564567	3375
2289072	3376
2558195	3377
2470259	3378
2393557	3379
2451144	3380
2755964	3381
2305262	3382
2646764	3383
2210835	3384
2275071	3385
1876985	3386
2513989	3387
2335855	3388
2855020	3389
2761966	3390
2197097	3391
2879074	3392
2485461	3393
2815537	3394
2632591	3395
2578792	3396
2602434	3397
2517751	3398
2682153	3399
2696229	3400
2652061	3401
2409309	3402
2277239	3403
3189371	3404
3148101	3405
2754167	3406
2645714	3407
2072742	3408
2948125	3409
2605174	3410
2622099	3411
2342474	3412
2299337	3413
1869230	3414
2887180	3415
2589753	3416
2571434	3417
2539564	3418
2350654	3419
2576172	3420
2162977	3421
2280056	3422
3115482	3423
2192862	3424
2739828	3425
2397610	3426
2694652	3427
2595920	3428
2636230	3429
2890529	3430
2855068	3431
2437952	3432
2430888	3433
2960581	3434
2649046	3435
2451661	3436
2644201	3437
2719910	3438
2516570	3439
2016908	3440
2598083	3441
2125873	3442
2639776	3443
2247462	3444
2664409	3445
2477211	3446
2218696	3447
2478206	3448
3036492	3449
2932343	3450
2278818	3451
2728110	3452
1844309	3453
2246380	3454
2412776	3455
2555730	3456
2196768	3457
2674619	3458
2818861	3459
1869937	3460
2381639	3461
2072406	3462
2644763	3463
2861469	3464
2237047	3465
2074313	3466
2085129	3467
2570326	3468
2609415	3469
2619259	3470
2800781	3471
2939054	3472
2134309	3473
2747654	3474
3013283	3475
2452842	3476
2528720	3477
2947807	3478
2100018	3479
2478529	3480
2744956	3481
2682288	3482
2960099	3483
2494110	3484
2867799	3485
2634480	3486
2711944	3487
2327656	3488
2574001	3489
2803532	3490
2787685	3491
2458145	3492
2805011	3493
2217873	3494
3068610	3495
2598536	3496
3144913	3497
2183543	3498
2470781	3499
2239757	3500
2731046	3501
2437900	3502
2103530	3503
2457649	3504
2619845	3505
2702072	3506
2843476	3507
2840063	3508
2615384	3509
2722798	3510
2791890	3511
2852240	3512
2457296	3513
2194644	3514
2509892	3515
2631778	3516
2843742	3517
2506665	3518
2333074	3519
2258988	3520
2499014	3521
2544190	3522
2279188	3523
2477747	3524
2824608	3525
2503122	3526
2806862	3527
2205499	3528
2134781	3529
2660422	3530
2688774	3531
2864106	3532
2569678	3533
2127045	3534
2388857	3535
2472882	3536
2298068	3537
2212731	3538
2448698	3539
2513903	3540
2532014	3541
2414399	3542
2303533	3543
2641113	3544
2720072	3545
2173215	3546
2960270	3547
2578716	3548
2941848	3549
2440210	3550
2337914	3551
2306182	3552
2317934	3553
2442920	3554
2651091	3555
2804662	3556
2140057	3557
2466714	3558
2639333	3559
2606106	3560
2743946	3561
2760687	3562
2315259	3563
2622725	3564
2203158	3565
3011116	3566
2603952	3567
2242078	3568
2846764	3569
2449808	3570
2652326	3571
2831598	3572
2910572	3573
2547043	3574
2882573	3575
3025587	3576
2378320	3577
2692991	3578
2549109	3579
2299023	3580
2009916	3581
2547329	3582
1937521	3583
2923229	3584
2808907	3585
3057139	3586
2354345	3587
2252884	3588
2707692	3589
2642214	3590
2902312	3591
2462063	3592
2297370	3593
2736290	3594
2594540	3595
2827418	3596
2252302	3597
2590899	3598
2739450	3599
2755618	3600
2412700	3601
2252211	3602
2613035	3603
2600942	3604
2423054	3605
2351076	3606
2273785	3607
2184677	3608
2410238	3609
2792940	3610
2144395	3611
2655607	3612
2704322	3613
2549745	3614
2296500	3615
2833461	3616
2903987	3617
2440912	3618
2485310	3619
2738298	3620
2681932	3621
2757091	3622
1957204	3623
2767131	3624
2413507	3625
3057809	3626
2678853	3627
2663699	3628
2070510	3629
2596616	3630
2846791	3631
2029616	3632
2747156	3633
2198153	3634
2431431	3635
2206268	3636
2438145	3637
2711379	3638
2671424	3639
2654045	3640
2466936	3641
2472616	3642
2192369	3643
2071948	3644
2437659	3645
2622314	3646
2536847	3647
2352970	3648
2739016	3649
2009500	3650
1824245	3651
2676374	3652
2631310	3653
2338789	3654
2330346	3655
2411612	3656
1974333	3657
2438200	3658
2346054	3659
2658763	3660
2615689	3661
2768343	3662
2597313	3663
2766175	3664
2126337	3665
3288081	3666
2744479	3667
2480930	3668
2331657	3669
2746189	3670
2075663	3671
2121779	3672
2519903	3673
2599578	3674
2433243	3675
2631069	3676
2597072	3677
2613081	3678
2493424	3679
2560768	3680
2519027	3681
2953183	3682
2122948	3683
2605344	3684
2814091	3685
2567539	3686
2667035	3687
2620784	3688
2697164	3689
2945393	3690
2760635	3691
1933211	3692
2897124	3693
2741334	3694
2883332	3695
3152083	3696
2230230	3697
2590477	3698
2704413	3699
2864700	3700
2318442	3701
2251408	3702
2747278	3703
3155524	3704
2626417	3705
2728672	3706
2256572	3707
2686066	3708
2358718	3709
2947275	3710
2604905	3711
2138327	3712
2104980	3713
2886857	3714
1984376	3715
2605495	3716
2627019	3717
2311703	3718
2018907	3719
2307756	3720
2419635	3721
2520091	3722
2252582	3723
2389677	3724
2390455	3725
2692506	3726
2595282	3727
2513425	3728
2364209	3729
2941732	3730
2368661	3731
2240273	3732
2875152	3733
2659646	3734
2264396	3735
3026238	3736
2514579	3737
2260530	3738
2991413	3739
2783550	3740
2438973	3741
2845283	3742
2295772	3743
2520829	3744
2507613	3745
2390146	3746
2801687	3747
2489794	3748
2168517	3749
2387077	3750
2320439	3751
2882378	3752
2454494	3753
2671753	3754
2711355	3755
2716086	3756
2317905	3757
2779118	3758
2508351	3759
2480360	3760
2747529	3761
2835682	3762
2781722	3763
2245743	3764
2038035	3765
2645827	3766
2156099	3767
2493804	3768
2435840	3769
2414679	3770
2679135	3771
2459507	3772
2761937	3773
1805134	3774
2792252	3775
2441396	3776
2581534	3777
2879907	3778
2443182	3779
2674661	3780
2803492	3781
2374615	3782
2610224	3783
1958724	3784
2975077	3785
2436834	3786
2455119	3787
2919976	3788
2714623	3789
2724132	3790
2533882	3791
2162385	3792
2758560	3793
2876582	3794
2439972	3795
2875575	3796
2060132	3797
2743304	3798
2318278	3799
2756124	3800
2142803	3801
2555715	3802
2568747	3803
2722215	3804
2646358	3805
1900535	3806
2445440	3807
2324429	3808
2644281	3809
2069515	3810
2144045	3811
2775665	3812
1972908	3813
2553986	3814
3355573	3815
2591482	3816
2453420	3817
2382491	3818
2346090	3819
2488069	3820
1916893	3821
2731152	3822
2559837	3823
2621163	3824
1915311	3825
2124039	3826
2539062	3827
2767977	3828
2378707	3829
2561231	3830
3150888	3831
2334785	3832
2771577	3833
1696413	3834
2250079	3835
2535611	3836
2117600	3837
2629596	3838
1930502	3839
2598799	3840
2490582	3841
2576914	3842
3006876	3843
2539534	3844
2405388	3845
2428158	3846
2663831	3847
2649735	3848
3009579	3849
2577620	3850
2864267	3851
3110987	3852
2347873	3853
2309806	3854
2587258	3855
2079273	3856
2291997	3857
2592271	3858
1945857	3859
2760969	3860
2172291	3861
2599361	3862
2756084	3863
2324994	3864
2542862	3865
2358801	3866
2012050	3867
2626701	3868
2678457	3869
2977218	3870
2402850	3871
2754241	3872
2659268	3873
2379864	3874
2131508	3875
2539263	3876
2151974	3877
2516902	3878
2386850	3879
2175853	3880
2716466	3881
2883107	3882
3261438	3883
2225558	3884
2408650	3885
2914603	3886
2094358	3887
2374119	3888
2730226	3889
2463298	3890
3339540	3891
2347935	3892
2628813	3893
2508829	3894
2387757	3895
2578918	3896
2170051	3897
2750797	3898
2809116	3899
2602615	3900
2446684	3901
2517393	3902
2859763	3903
2664835	3904
2483975	3905
2406252	3906
2229860	3907
2486472	3908
2283751	3909
2613396	3910
2603033	3911
2959164	3912
2737600	3913
2717623	3914
2239766	3915
2906179	3916
2083917	3917
2686316	3918
2791089	3919
2743455	3920
3147879	3921
2432183	3922
2753201	3923
2630669	3924
2122698	3925
2632817	3926
1738750	3927
2408299	3928
2125907	3929
2589765	3930
1897325	3931
2025184	3932
2417552	3933
2915752	3934
2783849	3935
2294145	3936
2763857	3937
2625207	3938
2801327	3939
2995992	3940
2361780	3941
2542694	3942
2011791	3943
2708670	3944
2487451	3945
2052204	3946
2837224	3947
2587185	3948
2446449	3949
2287022	3950
2546125	3951
2084085	3952
2457713	3953
2091715	3954
2834370	3955
2270799	3956
2577839	3957
2475209	3958
2928921	3959
2402219	3960
2484585	3961
2418377	3962
2634894	3963
2973081	3964
2785080	3965
3088155	3966
2350507	3967
2298897	3968
2853528	3969
2627143	3970
2488947	3971
2249177	3972
2416593	3973
2414442	3974
2870946	3975
2897339	3976
2063842	3977
2914861	3978
2422188	3979
2598761	3980
2565732	3981
2466292	3982
2806839	3983
2292932	3984
1782684	3985
2705945	3986
2470574	3987
2752834	3988
1978925	3989
2681743	3990
2619095	3991
2599799	3992
2311063	3993
2670986	3994
2905071	3995
2177346	3996
2328300	3997
2383064	3998
2339418	3999
2756113	4000
2198681	4001
2279558	4002
2488417	4003
2337049	4004
2250428	4005
2641578	4006
2305638	4007
2041837	4008
2406515	4009
2342195	4010
2627659	4011
1936800	4012
2180232	4013
2337897	4014
2599969	4015
1899255	4016
2587183	4017
2385459	4018
2615517	4019
2828323	4020
2779794	4021
2798090	4022
3037705	4023
2340077	4024
2833125	4025
2871839	4026
2991615	4027
2009198	4028
2758654	4029
2598403	4030
2605675	4031
2445546	4032
2769899	4033
2813011	4034
2189967	4035
2288994	4036
2281798	4037
2607524	4038
2451039	4039
2667757	4040
2621128	4041
3624345	4042
2026891	4043
2757277	4044
2648178	4045
2651274	4046
2199422	4047
2583515	4048
2338989	4049
2313108	4050
2042878	4051
2248449	4052
2960038	4053
1809180	4054
2812905	4055
2356743	4056
2438102	4057
2413810	4058
2081876	4059
2899127	4060
2477517	4061
2242515	4062
2448172	4063
2714416	4064
2814291	4065
2811185	4066
2708841	4067
2691038	4068
2864888	4069
2651432	4070
2517844	4071
2578807	4072
2251909	4073
2394814	4074
2606677	4075
2050123	4076
2322752	4077
2394127	4078
2299333	4079
2507887	4080
2861096	4081
2923047	4082
2327868	4083
2306714	4084
2590010	4085
2832335	4086
2638217	4087
2378590	4088
2582907	4089
2670724	4090
2739829	4091
3035135	4092
2880617	4093
2588418	4094
2554712	4095
2073895	4096
2767742	4097
2532381	4098
2177401	4099
2444740	4100
2546882	4101
2154765	4102
2828026	4103
2575010	4104
2955529	4105
2712582	4106
2892864	4107
2837332	4108
1953401	4109
2430105	4110
2636332	4111
2480241	4112
2666677	4113
2227326	4114
2369051	4115
2729383	4116
2269975	4117
2318828	4118
2478601	4119
2106486	4120
2390266	4121
2298313	4122
2684911	4123
2528067	4124
2967199	4125
2332287	4126
2838825	4127
2689163	4128
2789572	4129
2484105	4130
2606837	4131
2552449	4132
2002617	4133
2541370	4134
2345469	4135
2356934	4136
2605663	4137
2726977	4138
2441199	4139
2904520	4140
2360536	4141
2548197	4142
2870438	4143
2386961	4144
2090772	4145
1937180	4146
2832471	4147
2350066	4148
2824530	4149
2251712	4150
3467368	4151
2460265	4152
1886878	4153
2748881	4154
2423359	4155
2182871	4156
2525667	4157
2241290	4158
2491366	4159
2333845	4160
2763749	4161
2342616	4162
2262760	4163
2916165	4164
2573865	4165
2575524	4166
2801157	4167
2152575	4168
2605638	4169
2167737	4170
2594686	4171
2913466	4172
2430818	4173
2254460	4174
2729294	4175
2220791	4176
2786911	4177
2206522	4178
2810933	4179
2706842	4180
2352587	4181
2401042	4182
2091914	4183
1625084	4184
2787291	4185
2375277	4186
2262020	4187
2649205	4188
2631864	4189
2152645	4190
2470541	4191
2251021	4192
2551803	4193
2235106	4194
2204218	4195
2386931	4196
2113385	4197
2752888	4198
2692446	4199
2096385	4200
2166058	4201
3512636	4202
2291102	4203
2795489	4204
2531087	4205
2890685	4206
2821088	4207
2494204	4208
3074133	4209
2226497	4210
3246080	4211
2696958	4212
2173709	4213
2151666	4214
1777456	4215
3146020	4216
2833711	4217
2745591	4218
2545575	4219
2723355	4220
2533618	4221
2643293	4222
2617472	4223
2307171	4224
2529399	4225
2001966	4226
3098798	4227
2643022	4228
2501634	4229
2762915	4230
2713766	4231
2170571	4232
2553233	4233
2650702	4234
2338148	4235
2266146	4236
2983904	4237
2627293	4238
2552764	4239
2572320	4240
2672120	4241
2700397	4242
2362356	4243
2281194	4244
2702715	4245
2258273	4246
2229530	4247
2323470	4248
2630154	4249
1792482	4250
2659673	4251
2531352	4252
2772185	4253
2005642	4254
2378928	4255
2185597	4256
2935300	4257
2646850	4258
2269071	4259
2854096	4260
2656838	4261
2324498	4262
2714386	4263
2334704	4264
2675578	4265
2315736	4266
2226641	4267
2880444	4268
2549833	4269
2770500	4270
2516939	4271
2575597	4272
2320957	4273
2905543	4274
2509859	4275
2923153	4276
2498318	4277
1941441	4278
2752425	4279
2479687	4280
3081248	4281
2741690	4282
2211780	4283
2537041	4284
2325912	4285
2389440	4286
2779048	4287
2514105	4288
2598309	4289
2393470	4290
2408875	4291
2973187	4292
2715990	4293
2079801	4294
2649103	4295
2649777	4296
2554872	4297
2934127	4298
2106915	4299
2171200	4300
2337392	4301
2488547	4302
2591265	4303
2739711	4304
2102314	4305
2592264	4306
1857473	4307
2468035	4308
2504010	4309
2147179	4310
2604466	4311
2427186	4312
2364460	4313
2252737	4314
2615429	4315
2178709	4316
2747531	4317
2654791	4318
2237923	4319
2435302	4320
2525133	4321
2662905	4322
2315253	4323
2521003	4324
2507041	4325
2033005	4326
2354197	4327
2439944	4328
2593278	4329
2285922	4330
2648189	4331
2429711	4332
2557096	4333
2541602	4334
2212191	4335
2722829	4336
2448698	4337
2409166	4338
2394509	4339
2728803	4340
2108849	4341
2986784	4342
2756785	4343
2224535	4344
2099788	4345
2288757	4346
2600676	4347
2375047	4348
1941237	4349
2514721	4350
2263393	4351
2413278	4352
2276813	4353
2264263	4354
2269518	4355
2328079	4356
2667002	4357
2265047	4358
2224275	4359
2756534	4360
2818607	4361
2910007	4362
2590015	4363
2766168	4364
2536433	4365
2414387	4366
2940647	4367
2700088	4368
1781966	4369
2640312	4370
2286350	4371
2957672	4372
2534380	4373
3023496	4374
2333868	4375
2676608	4376
2355193	4377
2187611	4378
2508505	4379
2590245	4380
2418873	4381
2605531	4382
2436817	4383
2262316	4384
2402542	4385
2491319	4386
2932278	4387
2765102	4388
2441242	4389
2284096	4390
2604189	4391
2471626	4392
2887090	4393
2903233	4394
2720404	4395
2542334	4396
2605634	4397
2634410	4398
2421128	4399
2053706	4400
2709622	4401
2559222	4402
2790260	4403
2920335	4404
2704312	4405
2242277	4406
2684085	4407
2623996	4408
2848709	4409
1865671	4410
2254079	4411
2490866	4412
2065061	4413
1906883	4414
2078457	4415
3058625	4416
2037055	4417
2897434	4418
2510112	4419
2389103	4420
2371965	4421
2388819	4422
2730030	4423
2313399	4424
2339712	4425
2357022	4426
2603182	4427
2099939	4428
2092049	4429
2590559	4430
2638523	4431
2584394	4432
2481592	4433
2677209	4434
2389169	4435
2978793	4436
2240075	4437
2473503	4438
2621739	4439
2653550	4440
2596234	4441
2867377	4442
2213149	4443
2613653	4444
2786971	4445
2623726	4446
3171858	4447
2999917	4448
2110313	4449
2713518	4450
2532205	4451
2192351	4452
2237541	4453
2703889	4454
2929369	4455
2299822	4456
2512471	4457
2236180	4458
2276838	4459
2717792	4460
2604909	4461
2722298	4462
2753665	4463
1909772	4464
2445222	4465
2217631	4466
2188207	4467
2911127	4468
2715061	4469
2433616	4470
2848486	4471
2411302	4472
2124245	4473
2857540	4474
2571158	4475
2761240	4476
2468647	4477
2369865	4478
2264800	4479
2048619	4480
2439429	4481
2273941	4482
2521659	4483
2835828	4484
2906038	4485
2869743	4486
2011919	4487
2200912	4488
2223072	4489
2638259	4490
2160026	4491
2885757	4492
2823493	4493
2079915	4494
2805227	4495
2414772	4496
2294278	4497
2257465	4498
2671433	4499
2298004	4500
2664769	4501
2319434	4502
2130315	4503
2536841	4504
2607521	4505
2761879	4506
2564852	4507
2479847	4508
2561190	4509
2500219	4510
2590999	4511
2336029	4512
2744729	4513
2414533	4514
2133039	4515
2975134	4516
2376001	4517
2450832	4518
2730393	4519
2798202	4520
2540706	4521
2674656	4522
2907792	4523
1838556	4524
2239249	4525
2808703	4526
2381496	4527
2290728	4528
2573399	4529
2553005	4530
2766132	4531
2477669	4532
2827879	4533
2745328	4534
2974399	4535
2749116	4536
2742944	4537
2788236	4538
2565758	4539
2080061	4540
2728576	4541
2508979	4542
2375138	4543
2384496	4544
2378326	4545
1987726	4546
1912344	4547
2473477	4548
2407841	4549
2133670	4550
2274057	4551
2196396	4552
2699883	4553
2617469	4554
2354965	4555
2716063	4556
2324181	4557
2681736	4558
2667711	4559
2365832	4560
2640988	4561
2023435	4562
2812771	4563
1973401	4564
1996249	4565
2340748	4566
2670692	4567
2511193	4568
2618183	4569
2697910	4570
2012036	4571
2703134	4572
2620919	4573
2250362	4574
2546692	4575
2535551	4576
2528901	4577
2151035	4578
2648952	4579
2848110	4580
2162983	4581
2277560	4582
2367908	4583
2160120	4584
1859253	4585
2147600	4586
2472839	4587
2958261	4588
3043233	4589
2737561	4590
2050575	4591
2210836	4592
2092754	4593
2452734	4594
2635741	4595
2749360	4596
2636795	4597
2554142	4598
2329143	4599
1742101	4600
2645171	4601
2484904	4602
2305368	4603
2444293	4604
2340141	4605
1952210	4606
2638046	4607
2253809	4608
2412184	4609
2445143	4610
2539133	4611
2418431	4612
2922967	4613
3134484	4614
2833696	4615
2095188	4616
2278954	4617
2899053	4618
1983849	4619
2596985	4620
3003807	4621
2554083	4622
2700756	4623
2635121	4624
2259983	4625
2309084	4626
2401072	4627
2293034	4628
2489949	4629
2513823	4630
2207534	4631
2557657	4632
2588547	4633
2931484	4634
2885679	4635
2651679	4636
2452578	4637
2162028	4638
2557600	4639
2159804	4640
2480480	4641
2051149	4642
2480239	4643
2729767	4644
2153606	4645
2729429	4646
2374343	4647
2518849	4648
2269356	4649
2484047	4650
2871995	4651
2593898	4652
2546192	4653
2540777	4654
2395070	4655
2774665	4656
2521222	4657
2780644	4658
2490723	4659
2094816	4660
2462818	4661
2397314	4662
2578529	4663
2476214	4664
2379121	4665
2521600	4666
2063003	4667
2852944	4668
2381492	4669
2171791	4670
2677277	4671
2233961	4672
2439266	4673
2728484	4674
1988928	4675
2179825	4676
2446675	4677
2466846	4678
2314946	4679
2357757	4680
2274977	4681
2947807	4682
2302531	4683
2391473	4684
2323635	4685
2868428	4686
2760837	4687
2438579	4688
2362236	4689
1928018	4690
2576823	4691
2613764	4692
2607067	4693
2765145	4694
2452536	4695
1984261	4696
2058484	4697
2327623	4698
2613741	4699
2447322	4700
2364146	4701
2087047	4702
2808023	4703
2300471	4704
2144463	4705
2197935	4706
2607815	4707
2341680	4708
2417123	4709
2146258	4710
2235913	4711
2495347	4712
1982920	4713
1922866	4714
2556819	4715
2753468	4716
2439367	4717
2370731	4718
2249483	4719
2162674	4720
2837355	4721
2672554	4722
3020381	4723
2447411	4724
3122309	4725
3298779	4726
2412382	4727
2827420	4728
2528440	4729
1948699	4730
2225965	4731
2745219	4732
2001643	4733
2828517	4734
2549419	4735
2533406	4736
2125738	4737
2486695	4738
2570555	4739
2321925	4740
2169644	4741
2771790	4742
2587197	4743
2561896	4744
2233507	4745
2977643	4746
2758098	4747
3097783	4748
2362974	4749
2971117	4750
2462978	4751
2776862	4752
2378696	4753
2607197	4754
2119285	4755
2572946	4756
2848606	4757
2756725	4758
2685649	4759
2458040	4760
2716651	4761
2464727	4762
2191485	4763
2688022	4764
3016985	4765
2500970	4766
3535515	4767
2870386	4768
2593507	4769
2267189	4770
2359908	4771
2622207	4772
2893904	4773
2584058	4774
2708640	4775
2473237	4776
2055663	4777
2846611	4778
2311274	4779
2344909	4780
2864525	4781
3000741	4782
2501130	4783
2684312	4784
2675295	4785
2267656	4786
2652912	4787
2574782	4788
2195722	4789
2332410	4790
2403874	4791
2347023	4792
2293117	4793
2778233	4794
2501332	4795
2816264	4796
2474171	4797
2459211	4798
2512179	4799
1843325	4800
2265991	4801
2949127	4802
2241880	4803
2422710	4804
2545050	4805
2774997	4806
3272990	4807
2977455	4808
2538376	4809
2982535	4810
2508830	4811
2594576	4812
2420252	4813
2515395	4814
2304105	4815
2233490	4816
2531353	4817
2199940	4818
2356002	4819
2412770	4820
2003146	4821
2687894	4822
2320636	4823
2016544	4824
2501001	4825
2280257	4826
1634588	4827
2389629	4828
2131453	4829
2380970	4830
3277146	4831
2290254	4832
2441468	4833
2331353	4834
2542777	4835
2310889	4836
2803587	4837
2274928	4838
2951690	4839
2376588	4840
1877122	4841
2270900	4842
2540226	4843
2065276	4844
2509731	4845
2428496	4846
2639746	4847
2729747	4848
2393210	4849
2859932	4850
2428978	4851
2067547	4852
2429858	4853
2558946	4854
2473764	4855
2209559	4856
2118182	4857
1867295	4858
3049340	4859
2524624	4860
2988569	4861
2733386	4862
2286616	4863
2372300	4864
2857316	4865
2652914	4866
2450609	4867
2640730	4868
2158435	4869
2419676	4870
2212397	4871
2566301	4872
2014741	4873
2018028	4874
2076840	4875
2292236	4876
2889519	4877
2142558	4878
2500614	4879
2940513	4880
3118795	4881
2365358	4882
2213067	4883
2000648	4884
2777384	4885
2572883	4886
2465666	4887
2718168	4888
2470522	4889
2546060	4890
2642954	4891
2165390	4892
2122926	4893
2244953	4894
2261157	4895
1985097	4896
2764622	4897
2315578	4898
2012220	4899
3137976	4900
2051610	4901
2489757	4902
2681045	4903
2673103	4904
2557151	4905
1929607	4906
2227888	4907
2241367	4908
2708052	4909
2610430	4910
2302774	4911
2485274	4912
2812407	4913
2510417	4914
2706429	4915
2330265	4916
2530418	4917
2351352	4918
2879615	4919
3299445	4920
2366637	4921
2261190	4922
2355884	4923
2349760	4924
2247179	4925
2575953	4926
1963486	4927
2745123	4928
2661353	4929
2658250	4930
2745659	4931
2731682	4932
2432346	4933
2631117	4934
2179695	4935
2365470	4936
2853974	4937
2477390	4938
2792188	4939
2762217	4940
2353695	4941
3032694	4942
2950159	4943
2748567	4944
2097972	4945
2445420	4946
2384107	4947
2332248	4948
2210870	4949
2466092	4950
2549921	4951
2418352	4952
2972961	4953
2807866	4954
2388669	4955
2910620	4956
2625123	4957
2522244	4958
2671705	4959
2668171	4960
3017480	4961
2284392	4962
1791726	4963
2347317	4964
2459060	4965
2288031	4966
2532237	4967
2588634	4968
2577223	4969
2475275	4970
2778129	4971
3029698	4972
2086918	4973
2285347	4974
2424059	4975
3071082	4976
3068095	4977
2616466	4978
2678128	4979
2127831	4980
2414001	4981
2263055	4982
2594608	4983
2489709	4984
2658851	4985
2784762	4986
2742166	4987
2796185	4988
2074810	4989
3028459	4990
2833505	4991
2206486	4992
2586598	4993
2476101	4994
2142308	4995
1984649	4996
2329877	4997
2513067	4998
2945166	4999